{
	"system" : {
		"platform" : "windows64",
		"os_name" : "Windows 10",
		"os_version" : "10.0"
	},
	"error" : {
		"executable" : "quartus",
		"comment" : "none",
		"error_message" : "Access Violation at 0X00007FF88C7D6D0F",
		"source_file" : "unknown",
		"line" : "0",
		"stack_trace" : "\t0x7ff88c7d6d0e: DDB_DEV + 0x16d0e (?get_pkg_info@DEV_DEVICE@@QEBAPEAVDEV_PKG_INFO@@XZ + 0x2)\n\t0x7ff86042ad79: saui_csetq + 0x2ad79 (?fill_list@CSETQ_VOLTAGE_PAGE@@IEAAX_N0@Z + 0xa9)\n\t0x7ff86044583b: saui_csetq + 0x4583b (?on_init_dialog@CSETQ_VOLTAGE_PAGE@@IEAAXXZ + 0xcb)\n\t0x7ff8853eb7c0: GCL_AFCQ + 0xab7c0 (?acf_changed@AFCQ_TREE_SHEET@@UEAAXXZ + 0x60)\n\t0x7ff8ccd96fe0: saui_setdq + 0x6fe0 (?ntfq_msg_acf_assignments_changed@SETDQ_NTFQ@@QEAA_N_K_N@Z + 0x10)\n\t0x7ff8b00e2050: ccl_ntfq + 0x2050 (?dispatch_notify_msg@NTFQ_NOTIFY_TARGET@@IEAA_NPEBVNTFQ_NOTIFY_MAP@@I_K_N@Z + 0x60)\n\t0x7ff8b00e210b: ccl_ntfq + 0x210b (?on_ntfq_notify@NTFQ_NOTIFY_TARGET@@UEAA_NI_K_N@Z + 0x3b)\n\t0x7ff8b00e2c71: ccl_ntfq + 0x2c71 (?broadcast_notify@NTFQ_NOTIFY_MGR@@UEAA_NI_K@Z + 0xb1)\n\t0x7ff890a8d14e: db_acf + 0x1d14e (?broadcast_change_notification@ACF_REVISION_MANAGER@@QEAAXXZ + 0x3e)\n\t0x7ff890a94869: db_acf + 0x24869 (?commit_files_to_disk@ACF_MANAGER@@UEAA_N_N0@Z + 0x49)\n\t0x7ff890a98501: db_acf + 0x28501 (?internal_open_create_project@ACF_MANAGER@@IEAA?AW4ERROR_STATUS@ACF_REVISION_MANAGER@@AEBV?$basic_string@DU?$char_traits@D@std@@V?$allocator@D@2@@std@@00_N11111@Z + 0xcb1)\n\t0x7ff890a99e8a: db_acf + 0x29e8a (?open_project@ACF_MANAGER@@UEAA?AW4ERROR_STATUS@ACF_REVISION_MANAGER@@AEBV?$basic_string@DU?$char_traits@D@std@@V?$allocator@D@2@@std@@00_N1111@Z + 0x79a)\n\t0x7ff8602a5219: sys_bmwq + 0x5219 (bmwq_dyn_new_project_wizard + 0xb89)\n\t0x7ff8ad706cdd: SYS_QUI + 0x46cdd (?new_prj_wiz_action@QUI_PRJ_UI_MGR@@UEAAXXZ + 0x30d)\n\t0x7ff86030e745: sys_mdb + 0xe745 (mdb_dyn_file_new_dlg + 0x65)\n\t0x7ff8adea7c03: SYS_QGQ + 0x7c03 (?on_new_action@QGQ_MAIN_WINDOW@@MEAAXXZ + 0x83)\n\t 0x615cd700: QtCore4 + 0x11d700 (?activate@QMetaObject@@SAXPEAVQObject@@PEBU1@HPEAPEAX@Z + 0x520)\n\t 0x617aa09f: QtGui4 + 0xa09f (?activate@QAction@@QEAAXW4ActionEvent@1@@Z + 0xdf)\n\t 0x61b5a703: QtGui4 + 0x3ba703 (?actionGeometry@QMenu@@QEBA?AVQRect@@PEAVQAction@@@Z + 0x443)\n\t 0x61b5a595: QtGui4 + 0x3ba595 (?actionGeometry@QMenu@@QEBA?AVQRect@@PEAVQAction@@@Z + 0x2d5)\n\t 0x61801b84: QtGui4 + 0x61b84 (?event@QWidget@@MEAA_NPEAVQEvent@@@Z + 0xd4)\n\t 0x61b5b444: QtGui4 + 0x3bb444 (?event@QMenu@@MEAA_NPEAVQEvent@@@Z + 0x284)\n\t 0x617c2c55: QtGui4 + 0x22c55 (?notify_helper@QApplicationPrivate@@QEAA_NPEAVQObject@@PEAVQEvent@@@Z + 0xf5)\n\t 0x617c184e: QtGui4 + 0x2184e (?notify@QApplication@@UEAA_NPEAVQObject@@PEAVQEvent@@@Z + 0x71e)\n\t 0x615bec4b: QtCore4 + 0x10ec4b (?notifyInternal@QCoreApplication@@AEAA_NPEAVQObject@@PEAVQEvent@@@Z + 0x7b)\n\t 0x617c5a9e: QtGui4 + 0x25a9e (?sendMouseEvent@QApplicationPrivate@@SA_NPEAVQWidget@@PEAVQMouseEvent@@00PEAPEAV2@AEAV?$QPointer@VQWidget@@@@_N@Z + 0x1de)\n\t 0x618265b6: QtGui4 + 0x865b6 (?trUtf8@QScrollBar@@SA?AVQString@@PEBD0H@Z + 0x10b6)\n\t 0x6182a301: QtGui4 + 0x8a301 (?winMouseButtonUp@QApplication@@SAXXZ + 0x2761)\n\t0x7ff8da0c52a0: USER32 + 0x152a0 (CallWindowProcW + 0x690)\n\t0x7ff8da0c2e0c: USER32 + 0x12e0c (IsWindowUnicode + 0x3cc)\n\t 0x615e3982: QtCore4 + 0x133982 (?processEvents@QEventDispatcherWin32@@UEAA_NV?$QFlags@W4ProcessEventsFlag@QEventLoop@@@@@Z + 0x3e2)\n\t 0x61822004: QtGui4 + 0x82004 (?openPopup@QApplicationPrivate@@QEAAXPEAVQWidget@@@Z + 0x204)\n\t 0x615bbb7b: QtCore4 + 0x10bb7b (?exec@QEventLoop@@QEAAHV?$QFlags@W4ProcessEventsFlag@QEventLoop@@@@@Z + 0x22b)\n\t 0x615be18f: QtCore4 + 0x10e18f (?exec@QCoreApplication@@SAHXZ + 0xdf)\n\t0x7ff7d08d198b: quartus + 0x198b (?qgq_main@@YAHHPEAPEBD@Z + 0x8b)\n\t0x7ff8ada433a8: CCL_MSG + 0x133a8 (?msg_main_thread@@YAPEAXPEAX@Z + 0x18)\n\t0x7ff8ada44bae: CCL_MSG + 0x14bae (?msg_thread_wrapper@@YAPEAXP6APEAXPEAX@Z0@Z + 0x6e)\n\t0x7ff8ad886af0: ccl_mem + 0x16af0 (?mem_thread_wrapper@@YAPEAXP6APEAXPEAX@Z0@Z + 0x70)\n\t0x7ff8ada42c41: CCL_MSG + 0x12c41 (?msg_exe_main@@YAHHPEAPEBDP6AHH0@Z@Z + 0xa1)\n\t0x7ff7d08d2777: quartus + 0x2777 (WinMain + 0x127)\n\t0x7ff7d08d1f40: quartus + 0x1f40 (__tmainCRTStartup + 0x148)\n\t0x7ff8d9c3e8d6: KERNEL32 + 0x2e8d6 (BaseThreadInitThunk + 0x16)\n\t0x7ff8da37bf2b: ntdll + 0xbbf2b (RtlUserThreadStart + 0x2b)\n",
		"subsystem" : "unknown"
	},
	"quartus" : {
		"quartus_bits" : "64",
		"version" : "19.1.0",
		"build" : "670",
		"edition" : "Standard Edition"
	}
}